<application>
  <component name="ProjectManager">
    <defaultProject>
      <component name="MavenImportPreferences">
        <option name="importingSettings">
          <MavenImportingSettings>
            <option name="vmOptionsForImporter" value="-Xmx768m" />
          </MavenImportingSettings>
        </option>
      </component>
      <component name="ProjectRootManager" version="2" languageLevel="JDK_1_8" project-jdk-name="1.8 (3)" project-jdk-type="JavaSDK" />
      <component name="PropertiesComponent">
        <property name="last_opened_file_path" value="$USER_HOME$/Code/Java/blog" />
        <property name="project.structure.last.edited" value="Project" />
        <property name="project.structure.proportion" value="0.0" />
        <property name="project.structure.side.proportion" value="0.0" />
        <property name="settings.editor.selected.configurable" value="yiiguxing.plugin.translate" />
      </component>
      <component name="masterDetails">
        <states>
          <state key="GlobalLibrariesConfigurable.UI">
            <settings>
              <splitter-proportions>
                <option name="proportions">
                  <list>
                    <option value="0.2" />
                  </list>
                </option>
              </splitter-proportions>
            </settings>
          </state>
          <state key="JdkListConfigurable.UI">
            <settings>
              <splitter-proportions>
                <option name="proportions">
                  <list>
                    <option value="0.2" />
                  </list>
                </option>
              </splitter-proportions>
            </settings>
          </state>
          <state key="ProjectJDKs.UI">
            <settings>
              <last-edited>1.8</last-edited>
              <splitter-proportions>
                <option name="proportions">
                  <list>
                    <option value="0.2" />
                  </list>
                </option>
              </splitter-proportions>
            </settings>
          </state>
          <state key="ProjectLibrariesConfigurable.UI">
            <settings>
              <splitter-proportions>
                <option name="proportions">
                  <list>
                    <option value="0.2" />
                  </list>
                </option>
              </splitter-proportions>
            </settings>
          </state>
          <state key="ScopeChooserConfigurable.UI">
            <settings>
              <splitter-proportions>
                <option name="proportions">
                  <list>
                    <option value="0.2" />
                  </list>
                </option>
              </splitter-proportions>
            </settings>
          </state>
        </states>
      </component>
    </defaultProject>
  </component>
</application>