<application>
  <component name="AppStorage">
    <option name="newTranslationDialogWidth" value="598" />
    <option name="newTranslationDialogX" value="568" />
    <option name="newTranslationDialogY" value="347" />
    <histories>
      <item value="错我级别的日志" />
      <item value="performed" />
      <item value="refer" />
      <item value="main" />
      <item value="remove Attribute" />
      <item value="redirect" />
      <item value="invoked" />
      <item value="It is never legal to start a thread more than once. * In particular, a thread may not be restarted once it has completed * execution." />
      <item value="concurrently" />
      <item value="exception" />
      <item value="Executes the SQL statement in this &lt;code&gt;PreparedStatement&lt;/code&gt; object, * which must be an SQL Data Manipulation Language (DML) statement, such as &lt;code&gt;INSERT&lt;/code&gt;, &lt;code&gt;UPDATE&lt;/code&gt; or * &lt;code&gt;DELETE&lt;/code&gt;; or an SQL statement that returns nothing, * such as a DDL statement" />
      <item value="either (1) the row count for SQL Data Manipulation Language (DML) statements * or (2) 0 for SQL statements that return nothing" />
      <item value="Manipulation" />
      <item value="Executes the SQL statement in this PreparedStatement object, which must be an SQL Data Manipulation Language (DML) statement, such as INSERT, UPDATE or DELETE; or an SQL statement that returns nothing, such as a DDL statement." />
    </histories>
    <option name="languageScores">
      <map>
        <entry key="CHINESE" value="14" />
        <entry key="ENGLISH" value="16" />
      </map>
    </option>
  </component>
  <component name="Cache">
    <option name="lastTrimTime" value="1614828964392" />
  </component>
</application>