<application>
  <component name="AppStorage">
    <option name="newTranslationDialogWidth" value="598" />
    <option name="newTranslationDialogX" value="2639" />
    <option name="newTranslationDialogY" value="475" />
    <histories>
      <item value="collection" />
      <item value="Returns a string whose value is this string, with any leading and trailing whitespace removed. &lt;p&gt; If this {@code String} object represents an empty character sequence, or the first and last characters of character sequence represented by this {@code String} object both have codes greater than {@code '\u005Cu0020'} (the space character), then a reference to this {@code String} object is returned. &lt;p&gt; Otherwise, if there is no character with a code greater than {@code '\u005Cu0020'} in the string, then a {@code String} object representing an empty string is returned. &lt;p&gt; Otherwise, let &lt;i&gt;k&lt;i&gt; be the index of the first character in the string whose code is greater than {@code '\u005Cu0020'}, and let &lt;i&gt;m&lt;i&gt; be the index of the last character in the string whose code is greater than {@code '\u005Cu0020'}. A {@code String} object is returned, representing the substring of this string that begins with the character at index &lt;i&gt;k&lt;i&gt; and ends with the character at index &lt;i&gt;m&lt;i&gt;-that is, the result of {@code this.substring(k, m + 1)}. &lt;p&gt; This method may be used to trim whitespace (as defined above) from the beginning and end of a string." />
      <item value="hash" />
      <item value="span" />
      <item value="glyphicon" />
      <item value="window" />
      <item value="href" />
      <item value="null" />
      <item value="alter" />
      <item value="无价值的" />
      <item value="清晰" />
      <item value="focus" />
      <item value="userpswd" />
      <item value="stone" />
      <item value="Back Options Controller" />
    </histories>
    <option name="languageScores">
      <map>
        <entry key="CHINESE" value="16" />
        <entry key="ENGLISH" value="15" />
        <entry key="GERMAN" value="2" />
      </map>
    </option>
  </component>
  <component name="Cache">
    <option name="lastTrimTime" value="1614476957487" />
  </component>
  <component name="Settings">
    <option name="translator" value="YOUDAO" />
    <option name="youdaoTranslateSettings">
      <youdao-translate>
        <option name="appId" value="7f437bef586636a3" />
      </youdao-translate>
    </option>
  </component>
</application>